Key,Value
R,40984.53187615642
G,29977.066500899055
B,17298.040562062328
Intensity,2067.3893789220956
eigenvalues_sum,-405613813401.5349
anisotropy,-405613813401.82904
linearity,405613813401.8045
eigen1,0.06940148771791183
eigen2,-405613813401.66534
density,405613813401.49896
