Key,Value
R,46977.04927876793
G,42462.95154355133
B,36581.55372486558
Intensity,2994.9166190437777
anisotropy,0.0
planarity,-178546072324.4747
linearity,-0.21913820620939023
density,178546072324.17505
